rouge1,rouge2,rougeL,rougeLsum,gen_len,checkpoint
0.4293013407179647,0.16331607762816802,0.33879669849837235,0.3389831486244972,24.509333333333334,dtruong46me/train-bart-base
0.39233350039050524,0.1331263872944557,0.30561232240272806,0.305581876074012,25.568,dtruong46me/flant5-small
0.42773411047439297,0.16070313389865537,0.33964372087731554,0.33971528751465496,24.633333333333333,dtruong46me/flant5-base
0.26112326345496356,0.07891049577722054,0.20668569240263207,0.2065735078336447,22.636666666666667,dtruong46me/bart-base-qds
