rouge1,rouge2,rougeL,rougeLsum,gen_len,checkpoint
0.39233350039050524,0.1331263872944557,0.30561232240272806,0.305581876074012,25.568,dtruong46me/flant5-small
0.42773411047439297,0.16070313389865537,0.33964372087731554,0.33971528751465496,24.633333333333333,dtruong46me/flant5-base
0.4436612424628238,0.18215770435271772,0.3574836391515892,0.3575112795473217,25.358,dtruong46me/train-bart-base
0.44596490799011734,0.1791041702437794,0.36099829444161424,0.3612203644902555,18.72,dtruong46me/bart-base-instructds2