rouge1,rouge2,rougeL,rougeLsum,gen_len,checkpoint
0.4293013407179647,0.16331607762816802,0.33879669849837235,0.3389831486244972,24.509333333333334,dtruong46me/train-bart-base
