rouge1,rouge2,rougeL,rougeLsum,gen_len,checkpoint
0.4293013407179647,0.16331607762816802,0.33879669849837235,0.3389831486244972,24.509333333333334,dtruong46me/train-bart-base
0.39233350039050524,0.1331263872944557,0.30561232240272806,0.305581876074012,25.568,dtruong46me/flant5-small
